EX2022A_1,SRM 612
EX2022A_2,91500
EX2022A_3,91500
EX2022A_4,91500
EX2022A_5,Ple
EX2022A_6,Ple
EX2022A_7,S01
EX2022A_8,S02
EX2022A_9,S03
EX2022A_10,S04
EX2022A_11,S05
EX2022A_12,S06
EX2022A_13,S07
EX2022A_14,S08
EX2022A_15,91500
EX2022A_16,91500
EX2022A_17,91500
EX2022A_18,Ple
EX2022A_19,Ple
EX2022A_20,S09
EX2022A_21,S10
EX2022A_22,S11
EX2022A_23,S12
EX2022A_24,S13
EX2022A_25,S14
EX2022A_26,S15
EX2022A_27,S16
EX2022A_28,91500
EX2022A_29,91500
EX2022A_30,91500
EX2022A_31,Ple
EX2022A_32,Ple
EX2022A_33,S17
EX2022A_34,S18
EX2022A_35,S19
EX2022A_36,S20
EX2022A_37,S21
EX2022A_38,S22
EX2022A_39,S23
EX2022A_40,S24
EX2022A_41,91500
EX2022A_42,91500
EX2022A_43,91500
EX2022A_44,Ple
EX2022A_45,Ple
EX2022A_46,S25
EX2022A_47,S26
EX2022A_48,S27
EX2022A_49,S28
EX2022A_50,S29
EX2022A_51,S30
EX2022A_52,S31
EX2022A_53,S32
EX2022A_54,91500
EX2022A_55,91500
EX2022A_56,91500
EX2022A_57,Ple
EX2022A_58,Ple
EX2022A_59,S33
EX2022A_60,S34
EX2022A_61,S35
EX2022A_62,S36
EX2022A_63,S37
EX2022A_64,S38
EX2022A_65,S39
EX2022A_66,S40
EX2022A_67,91500
EX2022A_68,91500
EX2022A_69,91500
EX2022A_70,Ple
EX2022A_71,Ple
EX2022A_72,S41
EX2022A_73,S42
EX2022A_74,S43
EX2022A_75,S44
EX2022A_76,S45
EX2022A_77,S46
EX2022A_78,S47
EX2022A_79,S48
EX2022A_80,91500
EX2022A_81,Ple
EX2022A_82,Ple
EX2022A_83,91500
EX2022A_84,91500
EX2022A_85,SRM 612
